"","x","m","y"
"1",1,2.33621304215404,4.66994318461844
"2",0,0.828817049909562,0.603344931623456
"3",1,0.321375856908911,-0.80039768358929
"4",1,0.547841752188804,2.30828596247132
"5",0,0.393304374801963,-0.34574060398357
"6",0,1.63652959545977,0.469618704690184
"7",1,0.989830168550226,-0.335965946126878
"8",0,-1.26124660497502,-1.38752890145943
"9",0,-0.315859516205211,0.0573277432643368
"10",0,0.532245626045759,1.09473129384399
"11",0,0.67966828351658,0.92591152845844
"12",0,0.483353338227626,1.096390652929
"13",1,0.988913789804943,2.02736284704814
"14",1,1.07143514408177,1.8145154698005
"15",0,1.22601607472223,1.78374530350919
"16",1,0.376175433654325,1.84920423619113
"17",1,-0.415995037663919,1.26857729976163
"18",1,0.0996811440595467,-0.584731984458624
"19",0,-0.093518877028301,0.244742148971229
"20",0,1.0398842744216,1.36389864091597
"21",1,0.487632190749811,-0.0680550532429733
"22",0,-0.160642269590557,0.394069623100032
"23",0,0.944545117789149,1.24973918409801
"24",0,-1.56961118822183,-1.66098492961864
"25",0,0.33271926552187,0.68486168401632
"26",1,0.0197374937152879,-0.573925995079258
"27",1,0.684397648603544,3.00143285696441
"28",0,-0.261473867677468,0.860240319943167
"29",0,-0.448245153173483,-0.331182326606578
"30",1,1.01845065689717,2.49687523210022
"31",0,1.50193264530792,0.0247990113184493
"32",0,-1.03251134108768,0.967371891989515
"33",1,1.01917850470021,2.68964275286337
"34",1,-0.943724918022484,-1.55721358815093
"35",0,0.513548053240339,0.129522230232926
"36",0,-0.365885599125709,1.93094661808294
"37",1,0.710492153747131,0.171666987749242
"38",1,1.87067162282693,1.14464610267866
"39",1,0.108683390035926,2.25402235882603
"40",0,-0.983139702999411,0.178145276540804
"41",0,1.49543335253606,-1.40205347594926
"42",1,-0.100042340415559,-0.827134522816137
"43",0,-0.85647463509687,0.171516447723365
"44",1,0.496948331026264,1.19137190650378
"45",1,0.490834077651236,1.5137006437875
"46",1,-0.259752443562513,-0.639129831123277
"47",0,-0.895075995128453,-0.855243794334573
"48",0,-2.55082215371174,-2.29141238847467
"49",0,-0.659071174790252,0.932255050970401
"50",0,1.62584624199866,1.58384865091286
"51",0,0.214601082944091,0.856693110826838
"52",0,-0.849329983539876,-0.451021484083387
"53",0,-1.1956597785744,0.423185494275582
"54",1,0.922730264296181,0.903352005688689
"55",0,0.336314111198507,0.307263290681242
"56",1,0.0816111456466695,1.16250523287107
"57",1,-1.46240065645479,0.88855350872166
"58",0,1.73619324761365,0.211510155076375
"59",0,0.85946627949827,-1.25241454700619
"60",0,-0.164565032095763,-0.547626980557675
"61",0,0.127281087284575,0.920239328233534
"62",1,0.926704561580989,0.114770524352479
"63",0,-0.540100432734523,-0.79253743469225
"64",1,-0.164453384206024,-0.00760977781966143
"65",1,0.319563129610122,0.756106174333879
"66",0,0.476963369046022,1.22228455752776
"67",0,-2.25600956283208,-0.99311573932219
"68",1,1.19829614270524,2.61034075540441
"69",0,0.213611800501335,-0.29518394330312
"70",1,0.494991717226065,2.45336250800019
"71",0,-0.934179692670426,0.47250526299897
"72",1,1.79114918107556,2.63466994184515
"73",0,0.2566774637326,0.442078191429161
"74",1,-0.737868398093714,1.32496801864405
"75",1,0.606052272142432,0.861597640439386
"76",1,1.69256176131887,2.98873196478818
"77",1,0.820893015641649,1.95909652990234
"78",0,-0.195340287378557,-0.405149997765669
"79",0,0.920319800551913,2.07859994855063
"80",0,-1.25720450473454,-1.31806795455589
"81",1,-0.671476669300253,0.616596396906033
"82",0,1.09125862242201,0.846673312958943
"83",0,-0.984569145312307,-0.308137995078551
"84",0,2.49621772697876,0.745536160363032
"85",1,1.49763749939823,1.76277167377982
"86",1,0.153654376093579,0.994102925133466
"87",0,0.588617504632713,1.17381017962839
"88",1,0.84208866397148,0.737530188074442
"89",1,-0.49321162679385,0.48529182153412
"90",0,-0.853750677572127,-0.0430340354783049
"91",0,-1.08548526406202,-1.09409231196099
"92",0,0.773812862032885,3.04895382313816
"93",0,1.82537069228291,1.25974783233212
"94",0,-0.764294269634714,1.36008595871901
"95",0,0.874400293624318,1.2313330255184
"96",0,-0.933476221422732,-0.173770946950106
"97",0,0.302273463123929,0.72254392596006
"98",1,-0.477844460774102,1.02913861275794
"99",0,0.210598077202947,1.41540236900148
"100",0,-1.28021040267845,-1.05361102814925
"101",1,1.6850076123733,2.69742134012522
"102",1,-0.175138315613534,-0.268368746676183
"103",1,0.914899276695947,2.44344156626859
"104",1,-0.239882335596959,0.275491392959495
"105",0,-0.246582416251518,0.38693855650111
"106",0,1.14902206663087,-0.140691242566242
"107",0,0.802070656529845,1.81613762521222
"108",1,1.84263496348296,2.57475215188242
"109",1,-1.61229203675407,0.00694401197208805
"110",1,1.44848166317865,0.96116080136873
"111",1,-0.778504554104724,-1.26819967982727
"112",1,0.270231557826056,1.19928098184737
"113",0,-0.586659750675721,-1.12914717783244
"114",0,-2.40488087385622,-0.827464565153782
"115",0,0.538967509225449,1.47978929717748
"116",0,-0.936508940263155,-0.0939978351440407
"117",0,-0.233872959197416,1.75627611600487
"118",0,0.401424671974231,2.49199662698635
"119",1,0.878671615448187,1.744752588893
"120",0,-1.28560195707626,0.329651723258532
"121",1,0.121456339918412,1.40183531522262
"122",1,1.34675029202505,3.98963666435362
"123",1,0.162291947242644,0.470392120956457
"124",0,-2.79053891296375,-0.620929792136196
"125",0,0.54234531963243,-2.84842737238156
"126",1,0.304767122211736,-0.041325869904443
"127",1,0.421399430204369,0.244693621914436
"128",1,-0.282796022215946,1.12039166793202
"129",1,0.186832044249715,0.546599990426726
"130",1,-0.443647131294149,0.16192907513528
"131",1,0.0889040291197293,0.866790305780133
"132",1,-0.0433478311007334,2.18174448467
"133",0,-0.293663050091253,-1.42316172763947
"134",1,0.0247968757005051,0.127527842139808
"135",1,-0.431848285500637,-0.585444317633221
"136",0,0.578851969065947,-0.631891196313646
"137",1,0.565406355223245,0.751663566494542
"138",1,0.909432074442746,1.88857059511868
"139",1,-0.735894926563349,-2.22903007697338
"140",0,0.771301013891301,1.15191320690753
"141",1,0.873821949262082,1.49129418977198
"142",1,0.458980148045491,1.59410423342052
"143",1,-0.650230837195173,-0.734143960962535
"144",0,-0.324901254671449,0.143832158607996
"145",0,1.16204212032847,-0.167751873652779
"146",1,1.03807155937018,1.19014470872049
"147",0,1.57373794671522,0.962185173894625
"148",0,-0.817715986315724,0.306823552883475
"149",1,0.627417588159013,0.701800671405202
"150",1,1.66725390542591,1.92747200499541
"151",1,0.741127250450399,0.552244207411128
"152",1,1.48311023213756,2.84785696229485
"153",1,0.0546747014448376,0.0786245967215563
"154",1,0.155809113114288,0.654693604585457
"155",0,-1.22483818635703,-0.466737959585184
"156",0,-1.93895551438073,-1.21739617359164
"157",1,0.127674809037031,0.789811239634765
"158",0,-1.87705297919197,-1.9721312046714
"159",0,-0.36868251710057,-0.103256334101045
"160",0,-1.24175453358407,-0.0990355428587026
"161",0,0.311369625228225,0.363658676683514
"162",0,-0.210666074091589,-1.18825513379873
"163",0,-0.290973261869326,-1.0460786079535
"164",0,-1.28977911683167,-1.58495832889908
"165",1,0.674010085452702,-0.254850067135432
"166",0,1.37693060894488,0.636468660845448
"167",0,0.305847256774989,-1.20682416054665
"168",1,0.170020638181866,0.687833161126534
"169",0,0.843555711257669,0.11332336659059
"170",0,-0.260134949479206,-1.36693989679814
"171",0,-0.166085132354074,0.0758026278036996
"172",1,-0.906899543521299,-2.16180330204835
"173",0,1.04814129015438,1.30703486191894
"174",1,0.482605520085707,0.996968199778068
"175",0,0.314330397580011,0.861168679459611
"176",1,-0.696285169581534,0.369332845027112
"177",0,-0.372450588401797,-0.168909803133164
"178",1,-0.955336708491379,-0.416707258883355
"179",0,-1.50444345127205,-1.20380539461816
"180",0,0.414117812427545,1.62865058771391
"181",0,-0.182730491960866,0.310712103197503
"182",1,-1.66225711434364,0.023196276657983
"183",1,0.0155501410603964,0.945552811511894
"184",0,-0.23112034123567,-0.229643150832414
"185",1,-1.06382675972198,0.0623032902811906
"186",1,0.367024415941802,2.26877282073321
"187",0,-0.717429860732099,0.154288485061502
"188",0,-0.186940227747483,1.35479132682149
"189",0,0.581257401135458,1.36352361613044
"190",1,1.52311515972299,0.899582318678031
"191",0,0.331577392930317,-0.211299465682095
"192",0,1.08732368025634,1.94977493832367
"193",1,0.0119274179104074,-0.287683916012624
"194",0,-1.23867465241571,-2.08475176201459
"195",1,0.478233140164849,1.78422810800667
"196",0,0.802949210977008,0.897670443746044
"197",0,-0.203376481035718,1.14717032784573
"198",0,-0.469697722205271,-0.0482415479693531
"199",0,0.627818113893948,1.50401405559602
"200",1,-0.356812846323502,0.909479209880072
"201",0,-0.164088034670052,-0.6347058956473
"202",0,0.731901922178891,1.29607662814
"203",1,-0.809002910461583,-0.601930571300279
"204",0,-1.3308399919973,1.08173073959754
"205",0,3.24577534649774,1.05402271996735
"206",1,-0.160928244884015,2.04786111233699
"207",1,-1.52313197685586,0.128395060732846
"208",0,0.552857541158183,-0.76641295831009
"209",0,0.680450591563856,0.751576016736179
"210",0,1.94318454867478,1.54585003112067
"211",0,0.89330241819286,0.381830251336426
"212",0,1.8956322853366,0.332674159144147
"213",0,0.0324147157800799,-1.12680529502607
"214",0,0.777969870308237,-0.18679033454411
"215",0,-0.836256255219465,0.400936386591836
"216",1,0.195529112446746,2.28586947369861
"217",0,-1.20127397014979,-0.457267897757926
"218",1,1.49039928762672,2.68858790895335
"219",1,0.955459521978628,2.89528402043933
"220",0,0.240147013854941,0.316273143533647
"221",0,0.746765110044733,1.1735190676612
"222",1,1.39632787097694,0.607066874773936
"223",1,-1.42457626087849,-0.461190785496192
"224",1,0.416826617352063,1.60420296395659
"225",0,0.817182014346055,1.72713629828058
"226",1,-0.437357588459732,1.05987621403083
"227",0,0.518380833840681,-0.885978925555577
"228",1,-0.616575276200773,-0.0526019608899385
"229",0,0.0768641066053874,1.74677698159556
"230",0,1.8566351730195,0.0370226386637877
"231",0,-1.40908719130797,-0.156558180300706
"232",1,0.659844088334791,1.71239315465755
"233",0,2.16655948866103,0.27860230982074
"234",0,1.52118627448438,0.672879094057758
"235",0,0.758101383531426,1.15124930293836
"236",1,1.05012654301081,3.19868107246555
"237",1,-0.190651039404834,-0.0226472714444922
"238",0,0.0186239534219221,-0.401550596657296
"239",0,0.698777696609739,-0.278253371371468
"240",1,-0.620929326092527,1.67779594762135
"241",1,-0.627486963905363,-1.62402268621602
"242",0,-0.425804988954034,-0.886872152025548
"243",0,0.979174239761801,-0.75626432049918
"244",0,0.122587248124332,-0.04371383607341
"245",0,-0.481285362906568,0.115207543795346
"246",1,0.655390633927503,0.799035500633972
"247",1,0.28917768328077,-0.0832271056341483
"248",0,2.26122586541212,-0.0211127755230711
"249",0,1.32275325030345,2.74277829202239
"250",1,-0.27419907740978,0.0574822524795041
"251",0,2.12119762627054,1.13279261571087
"252",0,1.13567912483505,1.71906753523611
"253",0,0.150789800928081,1.12763533728757
"254",1,-0.147285805972011,0.293803620087503
"255",0,0.851547007231437,0.854198517379996
"256",0,-1.04666984789565,0.673000322066777
"257",0,-0.737316803835698,1.57475476307911
"258",0,-1.51648397295211,-1.12092463740883
"259",0,0.198999143101083,-0.106762029790566
"260",1,-0.42578159118212,-1.35745380089938
"261",1,-0.29141927171495,0.856954638726647
"262",0,-1.91846855636816,-3.26824106051753
"263",0,-1.14365973369909,-1.29672564141466
"264",0,-0.0498407799612942,-0.955390873559768
"265",1,0.293055958383054,-1.4511335581983
"266",1,1.43231833481255,2.52206944848092
"267",0,-0.743030021937282,1.16044744860628
"268",0,-0.511134085638362,-0.89971922000688
"269",0,0.0986276642838344,-0.741481171884112
"270",0,-0.249430144776867,0.305870846926161
"271",1,0.807885169299514,1.62781906217673
"272",1,0.926079363663606,0.307008586902166
"273",1,-1.22683437512222,-3.0290760821984
"274",1,1.554671183232,3.15831900126061
"275",0,0.318662298354257,0.873711254033284
"276",1,-0.766232308484496,-0.815480527019079
"277",1,2.35876337749641,3.63141852643185
"278",1,-1.63747734312231,-1.32639324961067
"279",0,1.73091403990169,1.47078705040134
"280",1,1.96872860269664,2.37996038164475
"281",1,0.51962052935318,2.00007425470191
"282",0,0.526766236068379,-1.88676418841226
"283",1,-0.57071339419207,1.50690992811456
"284",0,0.973282476551283,1.93805595570063
"285",1,0.841302771287746,0.916556923534914
"286",1,0.801243024092242,1.96239383948251
"287",1,1.85311630920745,4.21930238493702
"288",1,0.661472837552592,0.793739496185765
"289",1,1.19026834619052,3.74813149302163
"290",1,0.0450417534521733,-1.00714206675335
"291",0,0.320805731530881,1.66493610708479
"292",0,-0.801419519758126,0.389135951376979
"293",1,0.958092335322685,2.08814329879358
"294",0,0.0586294384383686,2.9472816247689
"295",1,0.695021916072486,1.59052497325921
"296",1,-1.09317961133142,-0.390290287835453
"297",0,-0.36562004205435,-1.61239033717321
"298",1,1.13212598736215,2.15157657076186
"299",0,0.834743279929987,0.156874073036228
"300",0,0.0869037611622334,-0.20761365705454
"301",0,-0.293657586671413,-0.745409437479102
"302",1,-2.19532172018956,-0.84574331417863
"303",1,3.20459238496835,4.7552244533106
"304",0,-0.268993970431738,1.66965772784996
"305",1,-1.41488576689678,0.194913736934481
"306",1,0.39323418326914,0.745635316545397
"307",0,-0.658663311165832,-0.796841791202943
"308",1,1.12760393166031,1.4132142068151
"309",0,-2.01019267563758,-2.50206284339217
"310",1,-1.02493321394687,-0.0856948291113122
"311",1,-0.500569930541131,1.01970187379854
"312",1,-0.301401746467582,-1.00135424981176
"313",1,0.71875301292574,0.430085632728955
"314",0,-0.875126850618604,0.0937983984383146
"315",1,0.154390591891869,0.328822108294156
"316",1,-0.0413369628133953,1.77055275097655
"317",1,0.362728619831007,1.11721716030992
"318",1,0.379027957066054,-0.0738670293955712
"319",1,0.937308227431781,1.49751661928165
"320",0,0.790834124708058,0.974884475276576
"321",0,-0.00951231662274045,1.14568876439674
"322",1,-0.763420038786149,0.268511145012102
"323",0,1.23459045655361,-0.434917191849594
"324",0,0.696853382344251,-0.748339185146358
"325",1,1.4454622039243,2.44246404288081
"326",0,0.0889709108764444,-0.746971349288704
"327",1,0.950174492422085,1.77210564562581
"328",1,0.17909871697577,1.65249865033088
"329",1,-0.107191357256441,1.98409230916307
"330",1,0.378679272680203,1.403390609834
"331",0,0.989730903395839,1.29006984334841
"332",0,1.62203636876069,-0.0374568438222451
"333",0,0.0146777867573395,1.62383508701569
"334",1,0.596102152193261,1.29948478040444
"335",0,-0.722462835786342,-0.968302950782185
"336",0,0.884085676960987,-0.212015948246489
"337",0,0.716180709468473,0.875722171232737
"338",1,-0.565774502924633,1.49611098180771
"339",1,1.7518497125871,3.8266849339693
"340",0,-0.410185988417232,-0.857610998901037
"341",1,1.30478834308639,2.89974939321003
"342",1,0.440564416390709,0.769719738271169
"343",1,0.128809786519343,1.7545102336766
"344",1,1.22447764082124,1.30119332391597
"345",1,0.934515028469814,1.42033473064414
"346",0,0.0622934752907656,-0.644811782487354
"347",1,-0.089950514169183,0.935559708214261
"348",1,-0.665910213248687,1.50814872614547
"349",1,1.16037672241612,0.445349853573055
"350",1,0.421986409780459,2.52352702774511
"351",0,-0.0646945733274356,1.61780383041851
"352",1,-0.159268784743114,-0.581495056983595
"353",1,-0.156317158841103,1.18413612939903
"354",1,0.810093670548515,3.34307047252539
"355",0,1.3013637241789,1.49985643212129
"356",1,-0.648260791174258,0.590788335477171
"357",1,-0.120589262597233,1.96092415051488
"358",0,0.344307165046323,-0.171902463084932
"359",1,-0.344628783191121,-0.0710670479629453
"360",1,-0.158431585212442,2.02263543026689
"361",0,1.95624442054797,1.40180519108831
"362",1,0.948844202661573,0.706031636147024
"363",0,-1.25109851912309,-1.34917415690946
"364",0,-0.440774859825555,-0.233349982855099
"365",0,-1.11819808128723,-0.856943375473214
"366",1,-0.0894783966690853,1.76697519958516
"367",0,-0.372429212130161,-1.21697055299525
"368",1,-0.720396532973702,-0.383222834688914
"369",1,0.117264598296326,0.832498813864667
"370",0,-0.490496710350701,-0.912203327629615
"371",1,1.13735247753822,4.41282199033706
"372",1,-0.233735853222587,0.778632313838083
"373",0,-2.10620215876917,-0.760142402066354
"374",1,1.37990401516666,0.617436538647888
"375",0,0.010731030631493,0.368568481763749
"376",0,-0.279637617592533,2.0996687906025
"377",0,0.928667229732216,0.503467871585757
"378",0,0.302202706972185,1.06858431133385
"379",0,0.586178215216691,2.5193345870959
"380",0,0.0166900282658843,-0.177952500453487
"381",0,0.128658604887325,1.71835635926756
"382",1,-0.210264500645321,0.516319938415866
"383",1,1.04692998416386,2.4527849490304
"384",0,0.151799518918916,0.482338787153181
"385",1,0.148931380282826,0.410576491820551
"386",1,0.330248410122799,1.38223397394621
"387",0,0.826560586083499,0.0841101072209345
"388",1,1.35776133861471,1.58526729204364
"389",1,0.882314346900428,0.144044456850394
"390",1,-0.59519078785,1.4489651632747
"391",1,-2.05466810061014,-4.01476632173453
"392",1,0.0848363824586315,-0.257876649636298
"393",0,0.685077691092178,2.02759466711249
"394",1,1.74504256183139,1.70514620707329
"395",0,1.62095739530623,1.26032736962336
"396",1,2.50581941785839,3.01417875775218
"397",0,-0.36275367209037,0.442925593344532
"398",1,-0.453410395597783,1.51603096634574
"399",1,-1.99754056176757,-1.60360092361936
"400",1,0.815816735869059,0.531400061645226
"401",0,2.21518745834029,1.03654301895394
"402",1,-0.314120721809049,2.20006353246388
"403",0,0.27954497014328,0.98276041382298
"404",0,0.428089463058678,0.673969659455411
"405",1,-0.613904770832398,0.466920747897379
"406",0,-0.946223728442495,-1.1286434424175
"407",1,1.32583600649923,2.26841040415328
"408",1,-0.581911144442046,0.0114751670594209
"409",1,0.0501736016389275,0.890233448292097
"410",0,-0.795701136444782,-1.48823432083947
"411",0,0.492899986466389,0.753382145048565
"412",1,-1.8130179778398,-0.77911438529287
"413",1,0.147368156012184,0.522165759730092
"414",0,-2.11899874212266,-1.58681611274018
"415",0,0.0922076808018568,-1.33840746217062
"416",0,0.275965987732825,0.264740872355228
"417",0,0.667953464299519,-0.233108144299067
"418",1,-0.201551767759735,1.25316201599568
"419",1,-0.44351852637157,0.44010890550769
"420",1,0.506784512895129,-1.75803721728094
"421",1,0.423116591006803,1.72415086390428
"422",0,0.731044985799729,0.323712696010863
"423",1,0.225370946050616,1.46250162038773
"424",1,0.972060969098796,1.91243539463738
"425",1,0.228896985446162,0.344672725397108
"426",1,1.92393650084926,3.37939212407835
"427",0,-0.915506648927539,-0.00718665518628744
"428",1,1.67342676203316,2.36976352056022
"429",0,2.07486698927437,1.00269767958447
"430",0,-0.542857398061846,0.175420193744256
"431",1,0.361540145820538,1.9814449462768
"432",1,-0.633695921334424,0.212758338916751
"433",1,0.897387928401812,1.94747563726795
"434",1,0.38461966966186,1.74685095458667
"435",0,0.452942592573125,-1.88617571113277
"436",1,-1.91566547545553,-1.19036894707662
"437",1,0.45997105800686,1.19182894761772
"438",0,-1.09532854310585,-0.0196446166731499
"439",1,-1.70910513140485,-1.02058188232884
"440",0,-0.397522433300433,0.138958739849775
"441",1,-1.08907284316361,-0.779920760843173
"442",0,-0.243709219779948,0.6003968348181
"443",1,0.352924349697927,1.11650807328103
"444",0,-1.56413191532399,-0.764865370797257
"445",0,0.661852095585969,0.131535049443945
"446",0,-1.07073844766888,-0.636616107046645
"447",1,1.88377331172827,1.72105093951634
"448",1,0.0480305863216187,1.1867951488647
"449",1,-1.42577819072821,-2.13633190979571
"450",0,-1.34270299710845,1.50566348143812
"451",0,-1.31656397135903,0.62751014499905
"452",0,0.49023542951969,0.260446624751318
"453",0,-0.909283036629621,1.46450645465153
"454",0,1.08700980247311,0.138717763024145
"455",1,1.141608367607,2.71058932769151
"456",1,1.45899982645727,3.06648123168624
"457",0,-1.16441919981141,-1.81653166616508
"458",0,0.468353682996306,0.286696475565952
"459",0,0.365041799456382,-0.776011136527968
"460",1,1.52374464293369,3.2169955140152
"461",0,1.16999031884846,2.818872069061
"462",1,-0.69983838791831,-0.721314557143014
"463",1,0.258571060935944,0.502570432041183
"464",0,0.583709900766675,1.47526143652217
"465",0,-0.0758082754855144,1.91551215066376
"466",0,-0.183895280669639,-0.949520869348863
"467",0,-0.739970823596122,0.942765478587671
"468",0,-1.86735939887015,-1.30392943177325
"469",0,-0.227620711405603,-0.810881848663908
"470",1,-1.38019364782767,0.307026622900616
"471",0,2.06115952344758,0.274358744420473
"472",0,1.01889376635662,0.0300012886320099
"473",0,-0.590281895884799,-0.520778923995936
"474",0,0.144281234956713,1.19191946199822
"475",0,1.39618535274841,2.65681187066737
"476",0,-0.956802644390652,0.96488459812278
"477",1,2.06689534867405,3.37961460731946
"478",0,-0.611150887233837,0.0348527840521103
"479",1,0.422851479540783,1.79211034272456
"480",0,0.642130636611582,1.63506565796865
"481",1,0.7645328722561,2.55451486564905
"482",1,-0.183413796932654,0.916985984794916
"483",0,3.39634278120025,1.73283868682402
"484",1,1.50639473445612,2.81167781634829
"485",0,-0.189594274247853,-1.62399689118261
"486",0,-0.614067807432008,-0.362015403549043
"487",1,0.881470387210069,2.09598528005473
"488",0,-0.563824363041544,-1.81391187434745
"489",0,0.383487974111009,1.26636777635005
"490",0,0.254137746438232,1.93657809751723
"491",1,-1.21703839255011,0.776295229756656
"492",0,0.32291617661548,-0.799636973360077
"493",1,1.08213365534382,1.06628454148737
"494",0,2.12970417315003,4.69092077468916
"495",0,-1.57642727892512,-0.834577752610463
"496",1,0.985137342504111,2.15182319428711
"497",0,-0.252771077585363,1.36029328927477
"498",1,0.829794439665123,0.462341263159608
"499",0,-0.708368815220616,-0.97118155827183
"500",1,-0.60621704167291,-0.899553454499049
"501",1,0.840107683765069,2.46419818054438
"502",0,-0.385374908070366,0.150408511887482
"503",1,1.42985543644584,1.77607199161303
"504",1,-1.43664740022351,0.211158844620651
"505",1,0.377489456114024,1.49069612615652
"506",0,0.220025152793512,-0.729704896536675
"507",1,-0.629855104241471,-0.0582347690947118
"508",0,-0.305364896975275,-0.63766192104995
"509",1,1.59826033154432,1.94372493487695
"510",0,0.0398639021609095,-0.753874831547718
"511",1,0.443946049714354,2.01229551236453
"512",0,0.314017213579559,-0.10846808260915
"513",1,0.80047534687495,2.07106256526516
"514",0,0.37044264691319,1.36224962907322
"515",0,0.66389872950313,0.922551619278563
"516",0,-0.251954857959072,0.342061751868055
"517",0,-0.235678784686924,0.724944755769885
"518",0,-0.598054180386433,0.149283619939149
"519",0,0.700414621586901,1.80781690622404
"520",1,0.0261248730472444,1.20824841182087
"521",0,-1.64355786586974,0.907791748020542
"522",1,-1.23023933728151,-1.82251458554929
"523",0,1.24854537479056,0.732226420012709
"524",0,-1.64989922816641,-0.211811869897067
"525",1,0.0740769308287251,-0.844638126249849
"526",0,-0.23920856012444,-0.394085636670174
"527",0,0.853245492765827,0.773790825804359
"528",0,-0.503426094495238,0.994197839609891
"529",1,-0.464466533486976,-1.46239596076255
"530",1,0.927588060327325,2.36199698037116
"531",1,-1.79904279981469,-1.15578819993088
"532",0,1.80056739839283,3.24260918306883
"533",0,1.0205239541261,0.367375708184155
"534",1,-0.0968553531094574,0.959186254382123
"535",1,0.166511752543522,3.33226216960616
"536",1,1.57363369507399,2.84723086355679
"537",0,0.648906380150209,-0.335465886582525
"538",1,0.942036404387982,3.05505337602825
"539",1,0.825100352278369,1.54435528514084
"540",0,-0.502895769230985,-0.414011063122306
"541",1,-0.525169798934319,0.921136416134267
"542",1,-0.604579510575012,-0.0835696984177825
"543",0,-0.595851023230645,0.561838876803286
"544",0,0.146112213084442,-0.414168846082162
"545",0,-0.106927698181536,-0.386089567559736
"546",0,-0.335275381629653,1.01830163360778
"547",0,1.13540385332402,0.598869887532309
"548",0,1.28775502629232,2.21930325696454
"549",1,-0.28955737639146,1.19915829097532
"550",0,-0.394453126959585,1.09208250506008
"551",1,0.461628952429072,2.42269013696575
"552",1,0.345301001494956,0.366787317824909
"553",1,0.780657539634018,0.651262968302181
"554",0,1.15976831105174,1.83349985710925
"555",0,-1.01592131652129,-1.47087818812502
"556",1,0.25523261779538,1.51822748046026
"557",1,1.04759985479056,1.62959086369642
"558",1,1.61592125858359,2.49882370480854
"559",0,-0.806691153743103,0.290570749893512
"560",0,0.549951869655007,-0.458438787185834
"561",1,0.897744151631065,2.59783888839404
"562",1,0.90021828493988,1.53808370924805
"563",0,-1.05937191472341,-1.59217072514363
"564",0,0.368493037451498,0.578105957104519
"565",1,0.249772837290891,-0.826141254363492
"566",1,-0.132864814731534,-0.817543382723764
"567",0,1.75330178303639,0.243790153553385
"568",0,-0.00464033491926107,-0.661513518968613
"569",1,-1.01861436805904,-0.556943226486544
"570",1,-0.721731792592995,0.134591814864734
"571",0,-0.161006578351629,1.29021073128818
"572",1,0.493261663157114,2.30532319062701
"573",1,-0.912199555431968,-0.436333901435553
"574",1,-0.624533165706164,0.0849279133351384
"575",0,0.0232968832951893,-0.176987338191403
"576",1,0.261476143270815,1.22744326274366
"577",1,1.88369813290913,4.29100052871019
"578",1,0.972734070487417,3.78521629474852
"579",1,-0.227898074221136,-2.50562652733592
"580",0,1.23093253288352,1.71768032183596
"581",0,-0.251478145222448,-0.0716241557724242
"582",1,0.37955724609845,1.54089126673087
"583",1,1.39806050996128,3.89539813061823
"584",0,1.02356410693258,0.275667382730391
"585",1,0.10058199721428,1.13065256354772
"586",1,1.05908166529882,-0.0923084413730491
"587",1,0.571524538502431,2.8015358177477
"588",0,0.0367956140817355,-0.0843659423479061
"589",0,2.32053913994597,2.47830021194659
"590",0,1.32503582283781,0.755270268548423
"591",1,-0.242788817700855,0.913690327015748
"592",1,0.860376926777462,3.32570607805295
"593",0,0.798024109951236,-0.539273419513137
"594",1,0.436426778708934,1.00731820058162
"595",0,0.380479342437314,-0.0740743544010909
"596",1,1.17760045244874,3.09140872798494
"597",1,0.269399526311992,0.65896034176731
"598",0,1.25168295570646,1.96493482747995
"599",1,0.568636640510212,0.324277733429755
"600",1,-0.809287802554531,0.335046971231542
"601",1,0.0563773520758213,0.414421828498893
"602",1,-0.0693531989405351,0.775555977622895
"603",1,0.888265872587697,1.26814326122646
"604",0,-1.10029664990391,-0.28241412717652
"605",1,0.703514975994036,0.560209601384162
"606",1,0.674151566338117,3.89359113239307
"607",0,-0.523016140599069,0.764889764862773
"608",1,1.95635872741977,3.60566428079552
"609",1,-0.235509349113919,1.30558303923952
"610",0,-0.41011175180294,0.354567294416338
"611",0,-1.57393839066638,-0.36017953866303
"612",0,-0.88381749524917,-0.435551675553533
"613",1,0.206154546705456,0.725189539003986
"614",1,0.850354687285095,0.483360284704732
"615",1,-0.126017872603581,0.241749026881878
"616",0,0.561310811101597,0.696939285024225
"617",0,0.555238374259553,0.650707843345424
"618",0,-0.484540184031053,0.13541633621579
"619",1,0.363775728230907,2.76658786440446
"620",1,-0.182720176328036,-0.0244334298392657
"621",1,1.53013822211854,3.87806601507602
"622",0,-0.713399440968606,-0.211752787733055
"623",0,-0.481991808939906,-0.0502459229444508
"624",1,-1.75107080799474,-1.92659292861791
"625",0,-1.58502608518788,0.0117979307563893
"626",0,-0.03363937962804,-0.939417448763211
"627",0,-0.53341816140893,-0.68654934402072
"628",0,-0.390561367398733,0.765922378932413
"629",1,0.467000557637546,-0.213118590823518
"630",0,-0.237600161255389,-0.289979635957432
"631",0,-0.695812145043796,-1.64721169305988
"632",0,1.48193927198362,0.6342695238036
"633",0,0.290932014859859,-1.39271317521525
"634",0,0.784907536973678,-0.960052965021868
"635",1,-0.561465590717098,-1.04859721183279
"636",1,0.452443309660196,1.78113603893011
"637",0,0.279280023269951,-1.32109158117685
"638",1,-0.705764511941847,-1.61778803267559
"639",0,1.00953132404965,-0.723486224414028
"640",0,-0.26935947925198,0.720143502621914
"641",1,-0.21195143076371,-0.0113972488664031
"642",1,-1.07920737533453,-1.23161888150338
"643",0,-0.650473681476321,0.176871566882948
"644",1,2.08781842234103,0.963709207037673
"645",1,0.388317670015427,1.36909154454683
"646",0,1.74103227688464,2.75987515164414
"647",1,0.602080939467038,-0.781896751089407
"648",1,-0.472561321380465,-0.350043980660005
"649",0,0.491705952874214,-0.734138892557503
"650",1,0.272920201942146,1.68555233929949
"651",0,0.589592377633618,-1.30919938055442
"652",1,0.720639075725887,1.93011825982503
"653",0,0.725734258653896,-0.267754593245841
"654",1,0.0488452677791653,0.0220070259771935
"655",0,0.664727917725576,-1.81034175555152
"656",1,2.19770007339683,2.30077314828937
"657",1,0.917320352845154,2.19961825064309
"658",0,2.0800585038427,0.646007805085665
"659",1,1.23211563104147,3.04269830102667
"660",0,-0.648335450867703,1.54559666175193
"661",0,1.29772763884683,1.90838235877456
"662",0,-1.18937221714593,0.558745391924525
"663",1,-0.285541609664904,2.73078824946951
"664",0,-0.0549427937346842,-1.3501663858509
"665",1,0.811073935795468,3.20977083644715
"666",1,0.445921011193906,2.55088106739506
"667",1,0.930104581974422,2.18570155214155
"668",0,-1.14829082307368,-0.495991465919621
"669",0,0.558291865254433,-0.137511394835783
"670",0,-0.291363748218751,0.194413703436624
"671",0,0.8743389100073,0.564304320187648
"672",1,2.69923083600074,3.84476117193115
"673",0,-1.25144481641655,-0.649266086736588
"674",0,1.9891432904892,0.313434006273114
"675",1,1.47568944524075,1.89619808541532
"676",0,0.397251133933347,0.479926418158283
"677",0,-1.74563179947968,-0.831342992003559
"678",0,0.345585691799436,1.17902352634082
"679",1,0.762362498552582,2.56193877348688
"680",0,0.908440092195758,1.82797426157291
"681",0,1.0529994442011,1.5532723469049
"682",0,-0.168941864287011,0.928650076620694
"683",1,1.56830012192259,3.13862917049723
"684",1,1.28538876758585,-0.714545259774029
"685",0,0.26957497883507,-0.660450328120355
"686",1,0.986643442362028,1.51654499518001
"687",0,-0.257377840321497,-0.323201193657194
"688",1,-0.0227436602089303,-0.224842332939913
"689",1,0.227703737784109,0.798600415658347
"690",0,-0.19443571912698,-0.820100983226277
"691",0,-0.608235783193439,0.253748181346516
"692",1,-0.400613564078012,-0.561348864983923
"693",0,0.469706411157075,0.0408649470566418
"694",1,1.21308842281364,1.61682127296733
"695",1,-0.0178646594270136,0.799232101112786
"696",1,2.06030235810432,2.48104323926816
"697",0,1.35153270471462,0.825184664734657
"698",0,-1.44813610080257,-2.06431135449017
"699",1,-0.800460799212515,-1.58947885416586
"700",1,-1.66339440613411,-0.676287413174503
"701",1,1.95897879592437,1.42119951069793
"702",0,-0.126454561752374,0.729363534339468
"703",1,-1.52733885256441,-2.53948584792714
"704",1,-0.00187515841673963,1.36235835749261
"705",0,-0.935753245983384,-0.114993864023789
"706",0,1.10066407256945,1.22617542473018
"707",1,1.20653743926775,2.02909719152732
"708",1,-0.920667247327322,-0.980576621243797
"709",0,1.17306083750914,1.31283375827289
"710",0,-1.55151251316619,0.381857961572418
"711",0,-0.122544997612193,-0.351945328053476
"712",0,-0.215610992415269,1.33553798879674
"713",1,1.12884423173326,-0.00050143823727411
"714",1,1.36346190351962,2.818058476306
"715",0,-0.242448489670126,-0.182435365870977
"716",0,1.55373762527239,0.486094913263516
"717",1,0.292281486736086,1.20194117396011
"718",0,1.98276349989377,2.33207464165046
"719",0,0.0765159467389757,0.680572861889222
"720",0,-1.3711824729508,-0.232822694039869
"721",1,0.780775768691041,1.68912447018534
"722",0,0.381005949276296,0.949089270757153
"723",0,-0.00575718654582148,0.908780605496389
"724",1,-1.0633697911937,1.00865586687286
"725",1,-0.432880893119674,2.27034305758175
"726",0,-1.57643304802248,-0.14831118730669
"727",1,-0.390118831309805,0.0982417989506774
"728",1,0.687366214587386,2.11458709004199
"729",0,-0.798897244637798,-0.210207635316264
"730",1,-1.26987093821419,-2.96477128412393
"731",0,0.855662932417687,-1.2250787314276
"732",1,-1.73917497443899,0.264957754663246
"733",1,1.00293771231072,2.84067132609743
"734",1,1.55633787034924,2.64760466088341
"735",1,-2.06468862910704,-2.41982630228263
"736",1,-0.913274127199862,2.81252257215845
"737",1,0.84361459362596,0.842826834883543
"738",0,1.86310251150604,1.01858281700924
"739",0,0.837420270075376,-0.258465343982763
"740",0,1.96959430565067,2.96556157317677
"741",0,0.713238326374682,-0.327706289378807
"742",1,2.58304383214728,2.76502828773726
"743",1,1.63590312171791,2.41494232660998
"744",1,1.96492532379622,4.39693825840397
"745",0,0.622374190932352,1.39157963260409
"746",0,0.429732819016972,1.61646553730681
"747",0,0.781250617874906,0.613356303421992
"748",0,-0.45396082043858,-0.457339589998333
"749",1,-1.00554707033152,0.649518516942987
"750",1,0.584453482350098,0.995487245489965
"751",1,0.640437859301444,0.940855982449745
"752",1,-1.01922350760027,0.0570696370103098
"753",0,0.921446467622461,0.691529251730006
"754",1,-0.352469779355647,-0.188480578997047
"755",1,0.864886992378848,1.36778003007683
"756",0,0.631742259646572,-0.267986335417036
"757",0,-1.0669877159927,-0.0343685143829416
"758",1,1.27839397974056,2.14682515454758
"759",1,-0.581680246644503,0.262737106996482
"760",0,0.493608185538592,-0.0963088339329534
"761",1,1.27844541933353,1.17840837262396
"762",1,-0.12902389406432,-0.142118990722235
"763",1,0.365545542542633,-0.0303729729920206
"764",1,-0.882015186721749,-0.620334542693887
"765",1,-0.682829949767861,0.799822647926276
"766",0,-0.371008775238339,-1.10823491710913
"767",1,-0.0125141029290764,2.01862460518438
"768",0,0.732064605741952,-0.627150363686364
"769",1,0.531666182022417,1.53712759761894
"770",1,0.871143615326519,1.21867597310416
"771",1,-0.138085133399174,-0.514574864910483
"772",1,-0.00412128554759555,-0.394663628254496
"773",1,0.114488155735262,0.449237371021727
"774",1,0.776086396121683,2.18683464843048
"775",1,1.89218264444692,1.50021327258339
"776",0,0.605477082828998,0.369811608653083
"777",1,0.616157835817445,1.02145042269549
"778",0,0.826206108328574,0.742248515235973
"779",1,-0.481466408579568,-0.340318031400331
"780",0,0.631127748717486,-1.13758710807628
"781",0,0.344556231955738,1.01669461487919
"782",0,1.61912673135393,0.95586638312194
"783",1,1.13574052046223,0.947528190343647
"784",0,1.06885860684571,1.90474449767791
"785",1,1.19356033525921,2.18021992698661
"786",1,0.153214228611642,1.94230316298301
"787",1,-1.48715224124255,-1.4704205923907
"788",1,-0.454468493315222,-0.356999962246725
"789",0,0.114917533726067,-0.122872185281149
"790",1,-1.14226263707816,0.0828409070255302
"791",0,-0.526161047989249,-0.682198598419682
"792",1,1.44551798104384,2.72183816641786
"793",1,-0.0306697750425047,0.406770543609961
"794",0,-1.21934830322327,-0.688693510423994
"795",0,1.56759421750531,0.779448226003054
"796",0,-0.12045528690984,-1.29293075364141
"797",0,0.504813759856458,0.342002510451164
"798",1,-0.876986449108137,-0.727923551651618
"799",0,-0.680846271926761,0.541519223453861
"800",1,-0.479173863648984,0.18422279065677
"801",0,-2.78460508614732,-1.66444862220719
"802",1,-0.244152551778993,0.436246748772371
"803",1,-0.36203439793965,-1.38391441595783
"804",0,-0.545848316787038,-1.87522845616741
"805",1,-1.07540879914896,-1.49653885712918
"806",1,0.348442681452434,2.10461929406494
"807",1,1.69672030268003,3.54154820319361
"808",0,0.614246261625133,1.6575308268895
"809",1,1.27640989097574,2.69643918500234
"810",0,-0.621753815945017,-0.483128159002983
"811",1,0.698284887965845,3.24620965779846
"812",0,0.428058294151582,0.21097497860376
"813",0,0.473066438306782,0.614986254389217
"814",1,1.0764605192424,0.625509555464514
"815",1,0.575682057146192,1.58343808618566
"816",1,-0.379986891048509,1.30040360445761
"817",0,-1.45995771008986,-2.19987284979278
"818",0,-0.871883166143127,-0.353125863621667
"819",1,0.409247977326953,0.642284341847479
"820",1,-0.838968838725953,0.360086541389065
"821",1,-0.941975247966645,0.372461679219156
"822",0,-0.487380738299576,0.314009134306005
"823",0,0.00835560494877242,-2.23758672819855
"824",0,-0.393601904433722,-0.102970584062824
"825",1,-1.00429722699568,-0.218627285931087
"826",0,-1.11060693825993,-1.6768467258732
"827",0,0.759506849410815,0.261117579266703
"828",0,-0.52140588734969,0.118978162099928
"829",0,-0.516718372028905,0.267145683135942
"830",0,-0.857375585133535,-1.26044352003281
"831",0,0.36412265558194,-0.248965342321589
"832",0,-1.46167025095295,-0.183654442456962
"833",1,0.366674543683408,2.27762464834861
"834",0,0.532532168694654,1.00444021472521
"835",1,0.0319052830426064,-1.23794949956958
"836",1,2.08848886554963,3.42681815775446
"837",1,0.812967879852341,1.35740504479259
"838",1,-0.319412999625071,0.196770752961974
"839",0,-0.435155506098471,1.47157425028545
"840",0,-1.06000157705501,-0.284106987482122
"841",0,0.38787679799539,-0.378306357365283
"842",0,0.28793523618169,-0.418552482290416
"843",1,0.0288205239606184,-0.15818390094442
"844",0,-1.31407889449234,0.617549882269533
"845",1,-0.595120736266044,-2.24935235834333
"846",0,0.725812134231341,0.675815327319861
"847",1,1.18758534242095,1.25371811443275
"848",1,-1.10294878307562,-2.21121282371245
"849",0,-0.847615845303623,1.26206935474156
"850",0,-0.685099184783778,0.0259753475029298
"851",1,1.11871087655885,0.747973788951401
"852",1,-1.45204542182019,-0.545020101139484
"853",0,-0.113156879592046,-0.281929726526965
"854",0,-1.90513466617103,-1.00899505948053
"855",0,0.650076687596877,2.13965428672134
"856",0,-1.19571353793574,-0.785377224559036
"857",1,0.369855217294043,2.18945345672505
"858",1,-0.0308975326483044,1.00049563783389
"859",0,-0.58143460504981,-0.351468070849316
"860",0,2.54068103427408,2.48187660409794
"861",1,1.95328449548764,2.37431359281715
"862",1,1.45723081161169,1.74872974926056
"863",0,-1.02165637406405,-1.18276963975118
"864",0,0.623606097243767,1.06243894607053
"865",1,0.303094800846468,1.24823141665698
"866",0,0.745400702953134,0.671354848039167
"867",1,0.752991317336343,0.785936785466088
"868",1,1.74260569309971,2.68637782898584
"869",0,-1.75006706612476,-0.927667643459007
"870",1,-0.087562253851112,1.21205429844726
"871",1,-0.889099777933219,1.27661435173822
"872",0,-0.0313214050316661,-0.0152028807729853
"873",0,-0.75016572904938,0.672643400084028
"874",0,0.239671787216772,0.894324056083546
"875",1,-0.419178519909614,1.56023154140579
"876",1,0.890294224208788,2.40217791037666
"877",0,-0.35546234667615,1.0029493977295
"878",1,1.69595691923826,2.71024984880789
"879",1,0.970159585110447,2.24382244408692
"880",1,0.215287609235848,-1.64514294829674
"881",0,0.684127594615426,1.37927946870243
"882",1,0.241974497581697,1.00614596153797
"883",0,-0.180483923244907,0.390911547213428
"884",0,-1.25150550163116,0.703351743806331
"885",0,1.41482672075226,0.260947243463469
"886",0,1.26050943194863,-0.274386010287089
"887",0,-0.125226161815966,-0.319779152048143
"888",1,0.247505014115411,-0.223483694922008
"889",1,0.174755531065009,0.710236794705644
"890",0,-0.965776082805419,-0.399875810684992
"891",0,-1.41505659260819,-0.842557144681893
"892",1,-2.10044624172192,-1.34973817178383
"893",1,-1.93049181097551,-2.02489687460479
"894",1,0.0511799480034709,-0.849656197014249
"895",0,0.276192560314376,1.38605243081674
"896",0,1.54769537872316,2.86085312287621
"897",1,0.161769453433684,-0.600200045732542
"898",0,0.560618715853128,0.729777244972186
"899",0,2.34958176753955,2.86680619841813
"900",0,-0.274765799878379,0.813704459608806
"901",1,0.60042658025542,1.47570350176202
"902",1,-0.583499487612225,0.795686311690029
"903",0,1.71158792116594,0.835861331733655
"904",1,0.715507401928881,-0.627948592938912
"905",0,0.758321076989452,-0.0425034272249766
"906",0,-0.0491422530455917,0.0549874697642173
"907",1,-0.0454613664598437,0.457355666586496
"908",0,1.15377723115988,1.85586465320061
"909",1,1.03746370264954,0.903031757236274
"910",1,0.714535539880597,0.89642775688384
"911",1,2.42670995849392,3.6651544990763
"912",0,-1.57849065788831,0.107110441553328
"913",0,1.59145421086746,1.25241919809266
"914",0,0.214287745944197,0.388957986078924
"915",1,0.287908627078253,2.26520162985056
"916",1,0.315592320829594,0.124046349653503
"917",0,-1.03300272365421,0.96122470191659
"918",0,0.0701736235868545,1.76381647348883
"919",1,-1.3037716198941,-1.37680032403578
"920",0,0.297686169021915,-1.12509283510794
"921",1,0.898966415918818,1.69180751672856
"922",1,0.448945763345514,0.887373806982271
"923",1,2.03993566259617,1.35347860196062
"924",0,1.14435259421394,0.303349135705824
"925",0,-0.332882796724922,-1.52132425128063
"926",1,0.56099184949818,1.45706388631325
"927",0,-0.252028393500415,-0.654123426138854
"928",1,-2.30032779324925,-1.26096302170183
"929",0,-0.366342161989077,-1.42072773379844
"930",1,0.208364879694886,0.433880728811522
"931",1,-0.34962218336565,-1.60594677378971
"932",0,-1.3157715812022,1.48083124126912
"933",0,0.348467099663997,2.05029706332848
"934",0,-0.295945180641031,-0.847509554604991
"935",0,0.524859984673224,2.04160333003943
"936",0,1.01036078714328,0.213460189254801
"937",1,0.25074186479706,1.00895716228956
"938",1,1.32702270604361,3.52865791686275
"939",1,0.0663411771517343,-0.301059419680676
"940",0,1.66524319772758,1.53570920291038
"941",1,-1.08097476909154,-0.81183984637796
"942",1,0.552533544846112,1.01758079532616
"943",1,-0.296960747350378,-0.0427838746411133
"944",1,-0.153269769423799,-0.0301069097385853
"945",1,-0.496568467852526,0.0555837412275126
"946",0,0.550073794919161,1.16556064997039
"947",0,-0.191097168136685,-0.988929049684355
"948",0,0.416305194968837,0.0409906409048498
"949",1,0.440331627107332,1.97747114847229
"950",1,-0.379679903993862,0.330875519005721
"951",0,2.23984169034524,1.66138242000031
"952",0,0.588844695167658,0.90349770978241
"953",0,-0.376048505275692,0.68722704172825
"954",0,0.563968131609743,1.5402899404736
"955",0,0.749619089343076,1.6499612620756
"956",0,-0.234041239490987,1.84914007529169
"957",1,0.155881932768532,2.16457116574952
"958",0,-0.505765105983782,1.73165776674328
"959",0,1.08471998646109,3.5934866162445
"960",0,-1.92838630384379,-1.09591806744848
"961",0,-0.809551004447973,-2.32342991115603
"962",0,-0.30061179888632,-1.44414575625873
"963",0,-0.92270114147796,0.649591874124894
"964",1,-0.443897798516209,-0.194977744100685
"965",0,2.22820417637225,2.24509707436518
"966",0,-0.603573144733148,-1.35580762749592
"967",1,-0.0685605354972404,-0.147137256777535
"968",1,1.51799913049927,2.22932663705492
"969",1,-0.42817974483575,0.0413776504634349
"970",1,-1.08016399342878,-0.819375661305577
"971",0,-0.205547986850068,-0.819191612444283
"972",0,0.859039293874628,-0.316183473276922
"973",1,-0.284158849949179,1.4315919877501
"974",0,-1.03188242535973,-0.892769870371401
"975",1,-0.385572886366293,0.407944288673957
"976",0,-0.0536723202955253,0.373747371718325
"977",1,-0.444038849586397,-0.473429514450178
"978",1,0.829417714638202,1.50276499821253
"979",1,0.638220383943881,0.884929509603251
"980",0,-1.14961733194,2.1937376659717
"981",0,-0.537871124286219,-0.294787183774926
"982",1,-0.491234020977649,1.30900416589928
"983",0,0.53751737405254,0.150627872961529
"984",0,-0.615159079941451,-1.33445929404071
"985",0,2.3512079176006,3.27617434531739
"986",0,0.249628012394948,-1.038289644616
"987",1,-0.455382685959228,-0.488210142052246
"988",1,2.47383202597388,3.28399201618986
"989",1,0.765566729308878,0.104468502735163
"990",1,0.232963989552547,-1.13219950456189
"991",0,1.22575004841843,-1.08420559173746
"992",0,0.516076675432508,1.02578614442443
"993",1,-0.667940828251543,2.67393149666372
"994",0,0.468700372100578,0.453391501470556
"995",1,0.570771075039779,1.343428280737
"996",0,-1.72174346973912,-1.22375245076072
"997",1,-0.00834956729692105,0.0528475320579835
"998",1,0.634918106630837,1.34468556089009
"999",0,1.39857350149943,0.775010530778521
"1000",1,0.849863036599969,1.55165819463214
